WOLD	GLOSS	SEMANTICFIELD	POS	OMEGAWIKI
12.081	ABOVE	Spatial relations	Function word	7064
21.31	ACCUSE	Law	Verb	751478
8.66	ACORN	Agriculture and vegetation	Noun	419370
21.34	ACQUIT	Law	Verb	424928
23.385	ADDRESS	Modern world	Noun	160397
21.16	ADJUDICATE	Law	Verb	754888
18.33	ADMIT	Speech and language	Verb	992946
7.64	ADOBE	The house	Noun	383952
6.71	ADORNMENT	Clothing and grooming	Noun	756816
21.43	ADULTERY	Law	Noun	383985
9.251	ADZE	Basic actions and technology	Noun	1507412
12.01	AFTER	Spatial relations	Function word	6944
14.451	AFTERNOON	Time	Noun	7455
14.35	AGAIN	Time	Function word	1412012
14.12	AGE	Time	Noun	73
1.71	AIR	The physical world	Noun	106
23.16	AIRPLANE	Modern world	Noun	6549
13.14	ALL	Quantity	Function word	1173416
3.97	ALLIGATOR	Animals	Noun	648694
13.331	ALONE	Quantity	Adjective	904382
22.14	ALTAR	Religion and belief	Noun	361044
14.31	ALWAYS	Time	Function word	6902
20.49	AMBUSH	Warfare and hunting	Noun	1117421
2.56	ANCESTORS	Kinship	Noun	6861
10.89	ANCHOR	Motion	Noun	806253
17.51	AND	Cognition	Function word	6464
16.42	ANGER	Emotions and values	Noun	1156554
3.11	ANIMAL	Animals	Noun	194
4.371	ANKLE	The body	Noun	348298
18.43	ANNOUNCE	Speech and language	Verb	1024716
18.32	ANSWER	Speech and language	Verb	5610
3.817	ANT	Animals	Noun	160271
3.89	ANTEATER	Animals	Noun	1385114
9.62	ANVIL	Basic actions and technology	Noun	6777
16.33	ANXIETY	Emotions and values	Noun	430287
10.56	APPROACH	Motion	Verb	721097
7.58	ARCH	The house	Noun	372196
1.771	ARCTIC LIGHTS	The physical world	Noun	1505700
4.31	ARM	The body	Noun	6894
20.31	ARMOUR	Warfare and hunting	Noun	454297
4.312	ARMPIT	The body	Noun	818235
20.15	ARMY	Warfare and hunting	Noun	6414
10.55	ARRIVE	Motion	Verb	5965
20.25	ARROW	Warfare and hunting	Noun	420887
21.46	ARSON	Law	Noun	819524
4.151	ARTERY	The body	Noun	8473
1.84	ASH	The physical world	Noun	264
18.35	ASK	Speech and language	Verb	7621
18.31	ASK	Speech and language	Verb	5717
16.15	ASTONISHED	Emotions and values	Adjective	834474
12.013	AT	Spatial relations	Function word	6078
20.43	ATTACK	Warfare and hunting	Noun	337168
2.52	AUNT	Kinship	Noun	5591
14.77	AUTUMN	Time	Noun	5615
6.37	AWL	Clothing and grooming	Noun	1505847
9.25	AXE	Basic actions and technology	Noun	333200
10.77	AXLE	Motion	Noun	7167
2.28	BABY	Kinship	Noun	5642
4.19	BACK	The body	Noun	5648
16.72	BAD	Emotions and values	Adjective	5650
16.19	BAD LUCK	Emotions and values	Noun	1107818
20.56	BAIT	Warfare and hunting	Noun	978246
5.24	BAKE	Food and drink	Verb	1392775
4.93	BALD	The body	Adjective	490061
12.83	BALL	Spatial relations	Noun	7785
8.94	BAMBOO	Agriculture and vegetation	Noun	848903
8.84	BANANA	Agriculture and vegetation	Noun	369665
23.44	BANK	Modern world	Noun	5632
8.85	BANYAN	Agriculture and vegetation	Noun	1510869
8.75	BARK	Agriculture and vegetation	Noun	5439
8.44	BARLEY	Agriculture and vegetation	Noun	398106
11.83	BARTER	Possession	Verb	1511024
9.76	BASKET	Basic actions and technology	Noun	6368
3.591	BAT	Animals	Noun	7344
4.69	BATHE	The body	Verb	1295154
23.175	BATTERY	Modern world	Noun	318
20.13	BATTLE	Warfare and hunting	Noun	158617
20.222	BATTLE-AXE	Warfare and hunting	Noun	1511102
1.34	BAY	The physical world	Noun	320
24.01	BE	Miscellaneous function words	Verb	6480
4.74	BE ALIVE	The body	Verb	6028
4.72	BE BORN	The body	Verb	474983
5.14	BE HUNGRY	Food and drink	Verb	6345
14.24	BE LATE	Time	Verb	1539800
18.23	BE SILENT	Speech and language	Verb	1103280
5.15	BE THIRSTY	Food and drink	Verb	359542
6.76	BEAD	Clothing and grooming	Noun	799152
4.241	BEAK	The body	Noun	1142217
7.55	BEAM	The house	Noun	498099
5.66	BEAN	Food and drink	Noun	355931
3.73	BEAR	Animals	Noun	7552
4.142	BEARD	The body	Noun	333455
9.21	BEAT	Basic actions and technology	Verb	6855
16.81	BEAUTIFUL	Emotions and values	Adjective	6037
3.873	BEAVER	Animals	Noun	540414
17.52	BECAUSE	Cognition	Function word	514093
24.02	BECOME	Miscellaneous function words	Verb	949323
7.42	BED	The house	Noun	6851
3.82	BEE	Animals	Noun	325
8.62	BEECH	Agriculture and vegetation	Noun	880926
3.822	BEEHIVE	Animals	Noun	1161759
5.93	BEER	Food and drink	Noun	6715
3.821	BEESWAX	Animals	Noun	851017
12.04	BEFORE	Spatial relations	Function word	8159
4.71	BEGET	The body	Verb	510379
11.53	BEGGAR	Possession	Noun	853288
14.25	BEGIN	Time	Verb	7451
14.251	BEGINNING	Time	Noun	6405
12.011	BEHIND	Spatial relations	Function word	6945
17.15	BELIEVE	Cognition	Verb	8203
4.431	BELLY	The body	Noun	5516
12.07	BELOW,UNDER	Spatial relations	Function word	6199
6.57	BELT	Clothing and grooming	Noun	344311
9.14	BEND	Basic actions and technology	Verb	961409
12.02	BESIDE	Spatial relations	Function word	752575
17.441	BETRAY	Cognition	Verb	837839
23.13	BICYCLE	Modern world	Noun	341
12.55	BIG	Spatial relations	Adjective	5437
11.66	BILL	Possession	Noun	468867
8.63	BIRCH	Agriculture and vegetation	Noun	7898
3.581	BIRD	Animals	Noun	400
23.36	BIRTH CERTIFICATE	Modern world	Noun	1511158
4.58	BITE	The body	Verb	5993
15.37	BITTER	Sense perception	Adjective	375671
15.65	BLACK	Sense perception	Adjective	1341728
9.6	BLACKSMITH	Basic actions and technology	Noun	430574
16.78	BLAME	Emotions and values	Noun	1511068
7.422	BLANKET	The house	Noun	348520
22.23	BLESS	Religion and belief	Verb	1511134
4.97	BLIND	The body	Adjective	6807
4.215	BLINK	The body	Verb	6813
4.855	BLISTER	The body	Noun	6518
4.15	BLOOD	The body	Noun	411
10.38	BLOW	Motion	Verb	1375415
15.67	BLUE	Sense perception	Adjective	357132
15.79	BLUNT	Sense perception	Adjective	1511061
3.32	BOAR	Animals	Noun	5868
7.57	BOARD	The house	Noun	5479
18.45	BOAST	Speech and language	Verb	1176597
10.83	BOAT	Motion	Noun	7774
4.11	BODY	The body	Noun	6179
4.144	BODY HAIR	The body	Noun	1399403
3.8112	BODY LOUSE	Animals	Noun	1510400
5.22	BOIL	Food and drink	Verb	347033
4.856	BOIL	The body	Noun	347037
1.57	BOLT OF LIGHTNING	The physical world	Noun	963421
23.575	BOMB	Modern world	Noun	7437
4.16	BONE	The body	Noun	5983
18.61	BOOK	Speech and language	Noun	417
9.87	BOOMERANG	Basic actions and technology	Noun	1285089
6.52	BOOT	Clothing and grooming	Noun	159566
20.48	BOOTY	Warfare and hunting	Noun	437280
9.46	BORE	Basic actions and technology	Verb	625688
11.62	BORROW	Possession	Verb	7569
23.56	BOTTLE	Modern world	Noun	5783
12.34	BOTTOM	Spatial relations	Noun	334481
19.17	BOUNDARY	Social and political relations	Noun	432931
20.24	BOW	Warfare and hunting	Noun	427040
5.33	BOWL	Food and drink	Noun	6341
2.25	BOY	Kinship	Noun	5905
6.74	BRACELET	Clothing and grooming	Noun	710484
15.39	BRACKISH	Sense perception	Adjective	1132622
6.921	BRAID	Clothing and grooming	Noun	447700
4.203	BRAIN	The body	Noun	6504
23.18	BRAKE	Modern world	Verb	418778
8.55	BRANCH	Agriculture and vegetation	Noun	6343
16.52	BRAVE	Emotions and values	Adjective	1016033
5.51	BREAD	Food and drink	Noun	5910
9.26	BREAK	Basic actions and technology	Verb	333586
5.42	BREAKFAST	Food and drink	Noun	5787
4.41	BREAST	The body	Noun	5992
4.51	BREATHE	The body	Verb	5998
7.62	BRICK	The house	Noun	432
10.74	BRIDGE	Motion	Noun	433
15.57	BRIGHT	Sense perception	Adjective	333539
10.62	BRING	Motion	Verb	334503
9.261	BROKEN	Basic actions and technology	Adjective	160300
9.38	BROOM	Basic actions and technology	Noun	1501242
2.44	BROTHER	Kinship	Noun	5541
4.852	BRUISE	The body	Noun	509506
6.92	BRUSH	Clothing and grooming	Noun	7562
3.917	BUFFALO	Animals	Noun	398978
9.44	BUILD	Basic actions and technology	Verb	7714
3.21	BULL	Animals	Noun	432142
5.712	BUNCH	Food and drink	Noun	908269
1.852	BURN	The physical world	Verb	6039
1.851	BURN	The physical world	Verb	1299599
4.78	BURY	The body	Verb	702018
23.15	BUS	Modern world	Noun	461
5.89	BUTTER	Food and drink	Noun	5505
3.92	BUTTERFLY	Animals	Noun	7316
4.464	BUTTOCKS	The body	Noun	356264
6.62	BUTTON	Clothing and grooming	Noun	342095
11.81	BUY	Possession	Verb	8061
23.61	CALENDAR	Modern world	Noun	909821
3.24	CALF	Animals	Noun	941919
4.352	CALF OF THE LEG	The body	Noun	156660
18.42	CALL	Speech and language	Verb	1378786
18.41	CALL	Speech and language	Verb	470997
1.322	CALM	The physical world	Adjective	1505685
3.78	CAMEL	Animals	Noun	8069
7.65	CAMP	The house	Noun	480116
23.54	CAN	Modern world	Noun	452618
7.46	CANDLE	The house	Noun	5592
23.565	CANDY	Modern world	Noun	371969
10.831	CANOE	Motion	Noun	911657
6.55	CAP	Clothing and grooming	Noun	5641
1.343	CAPE	The physical world	Noun	684108
20.47	CAPTIVE	Warfare and hunting	Noun	461214
23.14	CAR	Modern world	Noun	482
4.771	CARCASS	The body	Noun	7171
9.43	CARPENTER	Basic actions and technology	Noun	447386
10.61	CARRY	Motion	Verb	335263
10.612	CARRY IN HAND	Motion	Verb	1527192
10.614	CARRY ON HEAD	Motion	Verb	1527200
10.613	CARRY ON SHOULDER	Motion	Verb	1527196
10.615	CARRY UNDER THE ARM	Motion	Verb	1527204
10.75	CART	Motion	Noun	1240424
9.81	CARVE	Basic actions and technology	Verb	1462598
8.92	CASSAVA	Agriculture and vegetation	Noun	395385
9.63	CAST	Basic actions and technology	Verb	1421991
3.62	CAT	Animals	Noun	5446
10.252	CATCH	Motion	Verb	335306
3.2	CATTLE	Animals	Noun	511
17.42	CAUSE	Cognition	Noun	364159
1.28	CAVE	The physical world	Noun	513
14.28	CEASE	Time	Verb	849510
3.814	CENTIPEDE	Animals	Noun	915513
17.37	CERTAIN	Cognition	Adjective	157395
9.18	CHAIN	Basic actions and technology	Noun	6665
7.43	CHAIR	The house	Noun	6162
3.913	CHAMELEON	Animals	Noun	640095
12.93	CHANGE	Spatial relations	Verb	5547
1.89	CHARCOAL	The physical world	Noun	535
11.89	CHEAP	Possession	Adjective	8184
4.208	CHEEK	The body	Noun	7034
5.88	CHEESE	Food and drink	Noun	6435
4.4	CHEST	The body	Noun	6532
5.18	CHEW	Food and drink	Verb	1510493
3.55	CHICKEN	Animals	Noun	5778
19.24	CHIEFTAIN	Social and political relations	Noun	1508307
2.27	CHILD	Kinship	Noun	568
2.43	CHILD	Kinship	Noun	7413
2.6411	CHILD-IN-LAW	Kinship	Noun	454216
5.821	CHILI PEPPER	Food and drink	Noun	392603
7.33	CHIMNEY	The house	Noun	569
4.209	CHIN	The body	Noun	6306
9.84	CHISEL	Basic actions and technology	Noun	926391
5.19	CHOKE	Food and drink	Verb	1260643
16.622	CHOOSE	Emotions and values	Verb	7084
9.222	CHOP	Basic actions and technology	Verb	1329931
22.131	CHURCH	Religion and belief	Noun	587
23.59	CIGARETTE	Modern world	Noun	419443
12.82	CIRCLE	Spatial relations	Noun	6135
22.5	CIRCUMCISION	Religion and belief	Noun	1511141
19.37	CITIZEN	Social and political relations	Noun	4418
8.83	CITRUS FRUIT	Agriculture and vegetation	Noun	492550
19.23	CLAN	Social and political relations	Noun	1508311
4.345	CLAW	The body	Noun	828398
9.73	CLAY	Basic actions and technology	Noun	599
15.87	CLEAN	Sense perception	Adjective	335501
17.34	CLEAR	Cognition	Adjective	425679
16.84	CLEVER	Emotions and values	Adjective	5722
1.222	CLIFF	The physical world	Noun	4261
10.472	CLIMB	Motion	Verb	479387
6.41	CLOAK	Clothing and grooming	Noun	1510537
14.53	CLOCK	Time	Noun	5790
6.21	CLOTH	Clothing and grooming	Noun	6620
6.12	CLOTHES	Clothing and grooming	Noun	8254
1.73	CLOUD	The physical world	Noun	623
20.22	CLUB	Warfare and hunting	Noun	713958
6.43	COAT	Clothing and grooming	Noun	161851
3.816	COCKROACH	Animals	Noun	646
8.82	COCONUT	Agriculture and vegetation	Noun	419639
23.91	COFFEE	Modern world	Noun	5670
11.44	COIN	Possession	Noun	8052
15.86	COLD	Sense perception	Adjective	5639
4.843	COLD	The body	Noun	1178541
6.45	COLLAR	Clothing and grooming	Noun	971440
4.302	COLLARBONE	The body	Noun	953048
15.61	COLOR	Sense perception	Noun	661
6.91	COMB	Clothing and grooming	Noun	6157
10.48	COME	Motion	Verb	6056
10.481	COME BACK	Motion	Verb	159011
19.45	COMMAND	Social and political relations	Verb	957698
4.732	CONCEIVE	The body	Verb	474203
21.32	CONDEMN	Law	Verb	155122
8.996	CONE	Agriculture and vegetation	Noun	1506163
21.33	CONVICT	Law	Verb	422713
5.21	COOK	Food and drink	Verb	479132
5.121	COOKED	Food and drink	Adjective	1505768
7.17	COOKHOUSE	The house	Noun	1510578
9.66	COPPER	Basic actions and technology	Noun	761
3.597	CORMORANT	Animals	Noun	358081
12.76	CORNER	Spatial relations	Noun	1404011
4.77	CORPSE	The body	Noun	343500
16.73	CORRECT,RIGHT	Emotions and values	Adjective	7026
6.24	COTTON	Clothing and grooming	Noun	781
4.53	COUGH	The body	Verb	373675
13.107	COUNT	Quantity	Verb	6026
19.11	COUNTRY	Social and political relations	Noun	5671
21.15	COURT	Law	Noun	4578
7.15	COURT	The house	Noun	1017244
2.55	COUSIN	Kinship	Noun	6736
12.26	COVER	Spatial relations	Verb	342543
3.23	COW	Animals	Noun	432006
3.862	COYOTE	Animals	Noun	388687
10.41	CRAWL	Motion	Verb	1168231
23.37	CRIME	Modern world	Noun	4568
3.97	CROCODILE	Animals	Noun	791
12.74	CROOKED	Spatial relations	Adjective	1507521
12.77	CROSS	Spatial relations	Noun	5908
10.413	CROUCH	Motion	Verb	1507443
3.593	CROW	Animals	Noun	388727
13.19	CROWD	Quantity	Noun	993922
5.56	CRUSH	Food and drink	Verb	632491
16.37	CRY	Emotions and values	Verb	7709
8.15	CULTIVATE	Agriculture and vegetation	Verb	638225
5.35	CUP	Food and drink	Noun	154685
4.86	CURE	The body	Verb	156675
22.24	CURSE	Religion and belief	Verb	1023517
19.61	CUSTOM	Social and political relations	Noun	707480
9.22	CUT	Basic actions and technology	Verb	6043
9.221	CUT DOWN	Basic actions and technology	Verb	1510941
11.29	DAMAGE	Possession	Verb	485920
10.44	DANCE	Motion	Verb	8136
4.146	DANDRUFF	The body	Noun	158253
16.54	DANGER	Emotions and values	Noun	7456
16.51	DARE	Emotions and values	Verb	722783
15.63	DARK	Sense perception	Adjective	335607
1.62	DARKNESS	The physical world	Noun	1025381
2.42	DAUGHTER	Kinship	Noun	5881
2.64	DAUGHTER-IN-LAW	Kinship	Noun	454163
2.641	DAUGTHER-IN-LAW	Kinship	Noun	454163
14.43	DAWN	Time	Noun	338616
14.411	DAY	Time	Noun	5533
14.41	DAY	Time	Noun	5477
14.481	DAY AFTER TOMORROW	Time	Function word	528451
14.491	DAY BEFORE YESTERDAY	Time	Function word	528467
4.7501	DEAD	The body	Adjective	6660
4.95	DEAF	The body	Adjective	428203
11.64	DEBT	Possession	Noun	843
16.68	DECEIT	Emotions and values	Noun	1030671
12.67	DEEP	Spatial relations	Adjective	6535
3.75	DEER	Animals	Noun	858
20.42	DEFEAT	Warfare and hunting	Noun	345406
20.44	DEFEND	Warfare and hunting	Verb	5818
21.22	DEFENDANT	Law	Noun	442442
22.35	DEMON	Religion and belief	Noun	915102
18.34	DENY	Speech and language	Verb	341655
10.473	DESCEND,GO DOWN	Motion	Verb	980418
2.57	DESCENDANTS	Kinship	Noun	155705
11.27	DESTROY	Possession	Verb	333618
1.64	DEW	The physical world	Noun	921645
4.75	DIE	The body	Verb	6245
17.47	DIFFICULT	Cognition	Adjective	159359
8.22	DIG	Agriculture and vegetation	Verb	6024
8.28	DIGGING STICK	Agriculture and vegetation	Noun	1510840
5.44	DINNER	Food and drink	Noun	7654
15.88	DIRTY	Sense perception	Adjective	5483
10.491	DISAPPEAR	Motion	Verb	155161
4.844	DISEASE	The body	Noun	941
5.31	DISH	Food and drink	Noun	154785
8.17	DITCH	Agriculture and vegetation	Noun	960
10.351	DIVE	Motion	Verb	1235455
12.232	DIVIDE	Spatial relations	Verb	486237
2.341	DIVORCE	Kinship	Noun	499844
9.11	DO	Basic actions and technology	Verb	351006
3.61	DOG	Animals	Noun	966
3.662	DOLPHIN	Animals	Noun	616807
3.46	DONKEY	Animals	Noun	8030
7.22	DOOR	The house	Noun	6430
7.221	DOORPOST	The house	Noun	1153341
17.43	DOUBT	Cognition	Noun	5716
5.53	DOUGH	Food and drink	Noun	1505807
3.594	DOVE	Animals	Noun	7890
12.03	DOWN	Spatial relations	Function word	5797
9.9	DRAW WATER	Basic actions and technology	Verb	840722
4.62	DREAM	The body	Verb	8448
6.42	DRESS	Clothing and grooming	Noun	154560
4.591	DRIBBLE	The body	Verb	1505759
5.9	DRINK	Food and drink	Noun	339
5.13	DRINK	Food and drink	Verb	5991
10.24	DRIP	Motion	Verb	1510993
10.65	DRIVE	Motion	Verb	340699
23.34	DRIVER'S LICENSE	Modern world	Noun	161564
10.16	DROP	Motion	Verb	348656
4.751	DROWN	The body	Verb	838127
18.72	DRUM	Speech and language	Noun	386380
4.98	DRUNK	The body	Adjective	6098
15.84	DRY	Sense perception	Adjective	5989
3.57	DUCK	Animals	Noun	5886
1.213	DUST	The physical world	Noun	1009
6.39	DYE	Clothing and grooming	Verb	1335255
3.584	EAGLE	Animals	Noun	838154
4.22	EAR	The body	Noun	5510
4.221	EARLOBE	The body	Noun	1048124
14.16	EARLY	Time	Function word	331892
11.79	EARN	Possession	Verb	339161
6.77	EARRING	Clothing and grooming	Noun	344234
1.45	EARTHQUAKE	The physical world	Noun	1019
4.222	EARWAX	The body	Noun	1071961
12.45	EAST	Spatial relations	Noun	8131
17.46	EASY	Cognition	Adjective	333916
5.11	EAT	Food and drink	Verb	5827
12.353	EDGE	Spatial relations	Noun	366432
5.97	EGG	Food and drink	Noun	340828
13.08	EIGHT	Quantity	Function word	7005
4.32	ELBOW	The body	Noun	422180
23.38	ELECTION	Modern world	Noun	1488304
23.17	ELECTRICITY	Modern world	Noun	1109
3.77	ELEPHANT	Animals	Noun	5643
13.101	ELEVEN	Quantity	Function word	7006
22.44	ELF	Religion and belief	Noun	444093
3.872	ELK	Animals	Noun	718134
1.841	EMBERS	The physical world	Noun	1124797
16.3	EMBRACE	Emotions and values	Verb	395892
13.22	EMPTY	Quantity	Adjective	6659
12.35	END	Spatial relations	Noun	340747
14.26	END	Time	Noun	340750
19.52	ENEMY	Social and political relations	Noun	5882
13.18	ENOUGH	Quantity	Function word	8158
10.57	ENTER	Motion	Verb	341348
16.44	ENVY	Emotions and values	Noun	1086952
14.46	EVENING	Time	Noun	6671
3.28	EWE	Animals	Noun	5856
11.88	EXPENSIVE	Possession	Adjective	6036
17.38	EXPLAIN	Cognition	Verb	6661
1.861	EXTINGUISH	The physical world	Verb	1255943
4.21	EYE	The body	Noun	5511
4.212	EYEBROW	The body	Noun	523726
4.214	EYELASH	The body	Noun	637874
4.213	EYELID	The body	Noun	1046808
4.204	FACE	The body	Noun	6410
22.44	FAIRY	Religion and belief	Noun	502976
16.65	FAITHFUL	Emotions and values	Adjective	1176245
10.23	FALL	Motion	Verb	5622
2.82	FAMILY	Kinship	Noun	1405
5.141	FAMINE	Food and drink	Noun	1407
9.791	FAN	Basic actions and technology	Verb	1510960
9.79	FAN	Basic actions and technology	Noun	912239
12.44	FAR	Spatial relations	Adverb	5997
8.11	FARMER	Agriculture and vegetation	Noun	421671
4.64	FART	The body	Verb	515390
22.26	FAST	Religion and belief	Verb	1508616
14.21	FAST	Time	Adverb	6672
5.791	FAT	Food and drink	Noun	5624
2.35	FATHER	Kinship	Noun	5464
2.61	FATHER-IN-LAW	Kinship	Noun	454081
2.611	FATHER-IN-LAW	Kinship	Noun	454081
2.512	FATHER'S BROTHER	Kinship	Noun	936030
2.522	FATHER'S SISTER	Kinship	Noun	1372531
12.541	FATHOM	Spatial relations	Noun	1153477
23.5	FAUCET	Modern world	Noun	622752
16.76	FAULT	Emotions and values	Noun	1280872
16.53	FEAR	Emotions and values	Noun	345325
4.393	FEATHER	The body	Noun	5436
15.72	FEEL	Sense perception	Verb	467089
6.27	FELT	Clothing and grooming	Noun	1510534
3.13	FEMALE	Animals	Adjective	6393
2.24	FEMALE	Kinship	Adjective	6393
8.16	FENCE	Agriculture and vegetation	Noun	698534
5.94	FERMENTED DRINK	Food and drink	Noun	1525942
4.841	FEVER	The body	Noun	6347
13.17	FEW	Quantity	Function word	5500
8.12	FIELD	Agriculture and vegetation	Noun	1425
13.103	FIFTEEN	Quantity	Function word	7010
5.75	FIG	Food and drink	Noun	1510497
20.11	FIGHT	Warfare and hunting	Verb	6030
3.652	FIN	Animals	Noun	1425624
11.32	FIND	Possession	Verb	336790
21.38	FINE	Law	Noun	1444
4.34	FINGER	The body	Noun	5675
4.344	FINGERNAIL	The body	Noun	5529
14.27	FINISH	Time	Verb	7146
8.65	FIR	Agriculture and vegetation	Noun	843491
1.81	FIRE	The physical world	Noun	1446
3.91	FIREFLY	Animals	Noun	1415152
7.31	FIREPLACE	The house	Noun	1395201
1.88	FIREWOOD	The physical world	Noun	1024755
13.34	FIRST	Quantity	Function word	338524
3.65	FISH	Animals	Noun	1460
8.96	FISH POISON	Agriculture and vegetation	Noun	1510877
20.55	FISH TRAP	Warfare and hunting	Noun	1511114
20.51	FISHERMAN	Warfare and hunting	Noun	7928
20.52	FISHHOOK	Warfare and hunting	Noun	461552
20.53	FISHING LINE	Warfare and hunting	Noun	1048155
20.54	FISHNET	Warfare and hunting	Noun	1511110
13.05	FIVE	Quantity	Function word	156104
1.82	FLAME	The physical world	Noun	376152
12.71	FLAT	Spatial relations	Adjective	6680
3.813	FLEA	Animals	Noun	1476
10.51	FLEE	Motion	Verb	414377
4.13	FLESH	The body	Noun	1539792
10.34	FLOAT	Motion	Verb	6457
7.26	FLOOR	The house	Noun	6679
5.55	FLOUR	Food and drink	Noun	6539
10.32	FLOW	Motion	Verb	961244
8.57	FLOWER	Agriculture and vegetation	Noun	1487
18.71	FLUTE	Speech and language	Noun	344824
3.83	FLY	Animals	Noun	6261
10.37	FLY	Motion	Verb	6052
3.45	FOAL	Animals	Noun	6776
1.324	FOAM	The physical world	Noun	7153
1.74	FOG	The physical world	Noun	1502
9.15	FOLD	Basic actions and technology	Verb	6146
10.52	FOLLOW	Motion	Verb	471020
5.12	FOOD	Food and drink	Noun	1505
4.37	FOOT	The body	Noun	5672
4.374	FOOTPRINT	The body	Noun	1510480
14.332	FOR A LONG TIME	Time	Function word	1527216
18.38	FORBID	Speech and language	Verb	1157984
4.205	FOREHEAD	The body	Noun	1241509
1.41	FOREST	The physical world	Noun	1533
9.61	FORGE	Basic actions and technology	Verb	1507103
17.32	FORGET	Cognition	Verb	6328
16.69	FORGIVE	Emotions and values	Verb	6336
5.39	FORK	Food and drink	Noun	5673
8.74	FORKED BRANCH	Agriculture and vegetation	Noun	1526645
20.35	FORTRESS	Warfare and hunting	Noun	859332
13.04	FOUR	Quantity	Function word	6253
3.5	FOWL	Animals	Noun	1505737
3.74	FOX	Animals	Noun	5726
15.25	FRAGRANT	Sense perception	Adjective	1511050
19.44	FREEMAN	Social and political relations	Noun	1511095
1.775	FREEZE	The physical world	Verb	6042
3.665	FRESHWATER EEL	Animals	Noun	433736
14.67	FRIDAY	Time	Noun	6988
19.51	FRIEND	Social and political relations	Noun	5793
3.95	FROG	Animals	Noun	1570
5.71	FRUIT	Food and drink	Noun	6280
5.23	FRY	Food and drink	Verb	425934
13.21	FULL	Quantity	Adjective	6040
6.28	FUR	Clothing and grooming	Noun	1590
8.212	FURROW	Agriculture and vegetation	Noun	7346
8.13	GARDEN	Agriculture and vegetation	Noun	1601
7.131	GARDEN-HOUSE	The house	Noun	1525934
7.22	GATE	The house	Noun	6430
12.21	GATHER	Spatial relations	Verb	1022541
11.16	GET	Possession	Verb	334733
22.45	GHOST	Religion and belief	Noun	525317
3.654	GILL	Animals	Noun	844061
2.26	GIRL	Kinship	Noun	6752
11.21	GIVE	Possession	Verb	6059
11.22	GIVE BACK	Possession	Verb	1160012
9.74	GLASS	Basic actions and technology	Noun	1656
6.58	GLOVE	Clothing and grooming	Noun	369021
9.56	GLUE	Basic actions and technology	Noun	46
10.47	GO	Motion	Verb	334831
10.474	GO OUT	Motion	Verb	480460
10.471	GO UP	Motion	Verb	335553
3.36	GOAT	Animals	Noun	6257
22.12	GOD	Religion and belief	Noun	871639
4.842	GOITER	The body	Noun	897615
9.64	GOLD	Basic actions and technology	Noun	5912
16.71	GOOD	Emotions and values	Adjective	443659
16.18	GOOD LUCK	Emotions and values	Noun	336810
3.56	GOOSE	Animals	Noun	534216
8.93	GOURD	Agriculture and vegetation	Noun	1526657
19.31	GOVERN	Social and political relations	Verb	1511088
23.3	GOVERNMENT	Modern world	Noun	351462
8.42	GRAIN	Agriculture and vegetation	Noun	1674
2.5	GRANDCHILD	Kinship	Noun	6624
2.49	GRANDDAUGHTER	Kinship	Noun	6628
2.46	GRANDFATHER	Kinship	Noun	5953
2.47	GRANDMOTHER	Kinship	Noun	6247
2.4711	GRANDPARENTS	Kinship	Noun	1510376
2.48	GRANDSON	Kinship	Noun	6627
5.76	GRAPE	Food and drink	Noun	393668
11.14	GRASP	Possession	Verb	992756
8.51	GRASS	Agriculture and vegetation	Noun	1675
6.461	GRASS-SKIRT	Clothing and grooming	Noun	1510547
3.93	GRASSHOPPER	Animals	Noun	1677
4.79	GRAVE	The body	Noun	7187
5.791	GREASE	Food and drink	Noun	1510501
16.83	GREEDY	Emotions and values	Adjective	983313
15.68	GREEN	Sense perception	Adjective	6032
16.32	GRIEF	Emotions and values	Noun	6858
5.56	GRIND	Food and drink	Verb	441895
16.39	GROAN	Emotions and values	Verb	336417
12.53	GROW	Spatial relations	Verb	154737
20.471	GUARD	Warfare and hunting	Noun	866813
17.171	GUESS	Cognition	Verb	8518
19.56	GUEST	Social and political relations	Noun	7254
21.35	GUILTY	Law	Adjective	692374
4.271	GUMS	The body	Noun	1295456
20.28	GUN	Warfare and hunting	Noun	6428
4.461	GUTS	The body	Noun	5824
4.14	HAIR	The body	Noun	446278
13.24	HALF	Quantity	Noun	352085
9.49	HAMMER	Basic actions and technology	Noun	6183
7.66	HAMMOCK	The house	Noun	987151
4.33	HAND	The body	Noun	5616
6.81	HANDKERCHIEF	Clothing and grooming	Noun	436343
9.341	HANG UP	Basic actions and technology	Verb	1510949
16.23	HAPPY	Emotions and values	Adjective	6246
15.74	HARD	Sense perception	Adjective	8173
3.863	HARE	Animals	Noun	535092
8.41	HARVEST	Agriculture and vegetation	Noun	1722
6.55	HAT	Clothing and grooming	Noun	344283
16.41	HATE	Emotions and values	Verb	6573
11.11	HAVE	Possession	Verb	344354
4.67	HAVE SEX	The body	Verb	7269
3.585	HAWK	Animals	Noun	1510384
8.52	HAY	Agriculture and vegetation	Noun	1510854
2.931	HE	Kinship	Function word	5454
3.37	HE-GOAT	Animals	Noun	1505730
2.93	HE/SHE/IT	Kinship	Function word	1505714
4.2	HEAD	The body	Noun	5527
3.811	HEAD LOUSE	Animals	Noun	1510396
6.78	HEADBAND	Clothing and grooming	Noun	1510556
6.78	HEADDRESS	Clothing and grooming	Noun	1510560
4.83	HEALTHY	The body	Adjective	5901
15.41	HEAR	Sense perception	Verb	5999
4.44	HEART	The body	Noun	5475
22.31	HEAVEN	Religion and belief	Noun	6426
15.81	HEAVY	Sense perception	Adjective	5451
4.372	HEEL	The body	Noun	422122
22.32	HELL	Religion and belief	Noun	372550
20.33	HELMET	Warfare and hunting	Noun	691679
19.58	HELP	Social and political relations	Verb	830463
3.54	HEN	Animals	Noun	6311
3.18	HERDSMAN	Animals	Noun	1505722
24.09	HERE	Miscellaneous function words	Function word	1287831
3.583	HERON	Animals	Noun	342235
4.521	HICCOUGH	The body	Verb	1339563
12.27	HIDE	Spatial relations	Verb	161806
4.12	HIDE	The body	Noun	1505751
12.31	HIGH	Spatial relations	Adjective	5562
1.354	HIGH TIDE	The physical world	Noun	1769
1.22	HILL	The physical world	Noun	1772
4.463	HIP	The body	Noun	707216
11.77	HIRE	Possession	Verb	362921
9.21	HIT	Basic actions and technology	Verb	6044
8.25	HOE	Agriculture and vegetation	Noun	1506109
11.15	HOLD	Possession	Verb	6060
12.85	HOLE	Spatial relations	Noun	6857
9.461	HOLLOW OUT	Basic actions and technology	Verb	1101921
22.19	HOLY	Religion and belief	Adjective	700133
5.84	HONEY	Food and drink	Noun	404630
12.75	HOOK	Spatial relations	Noun	461013
16.63	HOPE	Emotions and values	Verb	475239
18.73	HORN	Speech and language	Noun	401769
4.17	HORN	The body	Noun	5981
3.41	HORSE	Animals	Noun	1780
23.2	HOSPITAL	Modern world	Noun	1782
19.57	HOST	Social and political relations	Noun	638743
15.85	HOT	Sense perception	Adjective	5637
14.51	HOUR	Time	Noun	5874
7.12	HOUSE	The house	Noun	5517
17.61	HOW	Cognition	Function word	5494
17.62	HOW MANY	Cognition	Function word	353440
17.63	HOW MUCH	Cognition	Function word	158133
18.19	HOWL	Speech and language	Verb	158088
13.105	HUNDRED	Quantity	Function word	6685
20.61	HUNT	Warfare and hunting	Verb	6046
14.23	HURRY	Time	Verb	341511
2.31	HUSBAND	Kinship	Noun	5432
7.13	HUT	The house	Noun	691328
2.91	I	Kinship	Function word	5450
1.77	ICE	The physical world	Noun	1837
17.19	IDEA	Cognition	Noun	6580
22.37	IDOL	Religion and belief	Noun	871642
17.53	IF	Cognition	Function word	6076
17.172	IMITATE	Cognition	Verb	1229900
14.19	IMMEDIATELY	Time	Function word	904194
12.012	IN	Spatial relations	Function word	6077
12.041	IN FRONT OF	Spatial relations	Function word	8160
22.51	INITIATION CEREMONY	Religion and belief	Noun	872499
23.23	INJECTION	Modern world	Noun	743982
11.28	INJURE	Possession	Verb	1092621
21.36	INNOCENT	Law	Adjective	1162733
3.81	INSECT	Animals	Noun	1959
12.05	INSIDE	Spatial relations	Function word	6571
17.41	INTENTION	Cognition	Noun	516310
4.461	INTESTINES	The body	Noun	950344
19.565	INVITE	Social and political relations	Verb	6588
9.67	IRON	Basic actions and technology	Noun	2024
1.25	ISLAND	The physical world	Noun	2031
2.933	IT	Kinship	Function word	1370660
4.854	ITCH	The body	Noun	1311851
3.9	JAGUAR	Animals	Noun	5513
4.207	JAW	The body	Noun	348120
16.44	JEALOUSY	Emotions and values	Noun	980918
6.72	JEWEL	Clothing and grooming	Noun	441479
12.22	JOIN	Spatial relations	Verb	7069
21.18	JUDGE	Law	Noun	365034
21.17	JUDGMENT	Law	Noun	4571
5.34	JUG	Food and drink	Noun	1505778
10.43	JUMP	Motion	Verb	7622
3.88	KANGAROO	Animals	Noun	1355026
11.17	KEEP	Possession	Verb	6163
5.27	KETTLE	Food and drink	Noun	361382
7.24	KEY	The house	Noun	6149
10.431	KICK	Motion	Verb	500899
3.38	KID	Animals	Noun	914854
4.451	KIDNEY	The body	Noun	155634
4.76	KILL	The body	Verb	6023
19.32	KING	Social and political relations	Noun	6303
16.29	KISS	Emotions and values	Verb	158442
5.54	KNEAD	Food and drink	Verb	1505815
4.36	KNEE	The body	Noun	5918
10.412	KNEEL	Motion	Verb	1120420
9.23	KNIFE	Basic actions and technology	Noun	5873
5.38	KNIFE	Food and drink	Noun	5873
9.192	KNOT	Basic actions and technology	Noun	342406
17.17	KNOW	Cognition	Verb	6004
7.37	LADDER	The house	Noun	6099
1.341	LAGOON	The physical world	Noun	2058
1.33	LAKE	The physical world	Noun	2061
3.29	LAMB	Animals	Noun	352601
4.94	LAME	The body	Adjective	1510490
7.45	LAMP	The house	Noun	2062
10.92	LAND	Motion	Verb	846608
1.21	LAND	The physical world	Noun	2063
18.24	LANGUAGE	Speech and language	Noun	5713
8.991	LARCH	Agriculture and vegetation	Noun	1223914
8.29	LASSO	Agriculture and vegetation	Noun	1510846
13.35	LAST	Quantity	Function word	6337
14.252	LAST	Time	Verb	533044
7.231	LATCH	The house	Noun	433601
14.17	LATE	Time	Function word	154705
16.25	LAUGH	Emotions and values	Verb	5876
21.11	LAW	Law	Noun	4549
4.92	LAZY	The body	Adjective	6424
9.68	LEAD	Basic actions and technology	Noun	2119
10.64	LEAD	Motion	Verb	1091895
8.56	LEAF	Agriculture and vegetation	Noun	2124
17.24	LEARN	Cognition	Verb	157124
6.29	LEATHER	Clothing and grooming	Noun	2126
10.49	LEAVE	Motion	Verb	7092
12.42	LEFT	Spatial relations	Adjective	1499731
4.35	LEG	The body	Noun	5665
11.61	LEND	Possession	Verb	159035
11.34	LET GO,SET FREE	Possession	Verb	476248
23.42	LETTER	Modern world	Noun	6590
19.445	LIBERATE	Social and political relations	Verb	1077778
23.35	LICENSE PLATE	Modern world	Noun	730404
4.59	LICK	The body	Verb	1510483
16.67	LIE	Emotions and values	Verb	161769
12.14	LIE	Spatial relations	Verb	6005
12.14	LIE DOWN	Spatial relations	Verb	1425860
4.741	LIFE	The body	Noun	1419171
10.22	LIFT	Motion	Verb	156785
15.82	LIGHT	Sense perception	Adjective	452743
15.62	LIGHT	Sense perception	Adjective	1502678
1.86	LIGHT	The physical world	Verb	1299599
1.61	LIGHT	The physical world	Noun	2158
1.55	LIGHTNING	The physical world	Noun	6811
10.451	LIMP	Motion	Verb	1511001
12.84	LINE	Spatial relations	Noun	451773
6.23	LINEN	Clothing and grooming	Noun	389134
3.72	LION	Animals	Noun	5961
4.25	LIP	The body	Noun	154710
15.42	LISTEN	Sense perception	Verb	6576
7.11	LIVE	The house	Verb	478515
4.45	LIVER	The body	Noun	5476
3.15	LIVESTOCK	Animals	Noun	2183
3.96	LIZARD	Animals	Noun	2189
7.23	LOCK	The house	Noun	6546
12.57	LONG	Spatial relations	Adjective	5438
15.52	LOOK	Sense perception	Verb	7550
11.31	LOOK FOR	Possession	Verb	6142
6.34	LOOM	Clothing and grooming	Noun	7280
11.33	LOSE	Possession	Verb	6832
15.45	LOUD	Sense perception	Adjective	1511054
16.27	LOVE	Emotions and values	Verb	395193
12.32	LOW	Spatial relations	Adjective	336887
1.353	LOW TIDE	The physical world	Noun	440739
5.43	LUNCH	Food and drink	Noun	343542
4.441	LUNG	The body	Noun	334158
23.19	MACHINE	Modern world	Noun	1309356
17.23	MAD	Cognition	Adjective	833779
22.42	MAGIC	Religion and belief	Noun	1511137
23.4	MAIL	Modern world	Noun	1366616
1.26	MAINLAND	The physical world	Noun	1364993
8.47	MAIZE	Agriculture and vegetation	Noun	157264
9.111	MAKE	Basic actions and technology	Verb	339200
3.12	MALE	Animals	Adjective	6396
2.23	MALE	Kinship	Adjective	6396
2.21	MAN	Kinship	Noun	6397
8.92	MANIOC	Agriculture and vegetation	Noun	395809
5.983	MANIOC BREAD	Food and drink	Noun	1526633
17.49	MANNER	Cognition	Noun	155620
13.15	MANY	Quantity	Function word	5423
3.44	MARE	Animals	Noun	400028
11.85	MARKET	Possession	Noun	2276
2.38	MARRIED MAN	Kinship	Noun	1539796
2.39	MARRIED WOMAN	Kinship	Noun	1539812
2.33	MARRY	Kinship	Verb	1411401
7.61	MASON	The house	Noun	372205
10.87	MAST	Motion	Noun	1393299
19.41	MASTER	Social and political relations	Noun	1511091
9.77	MAT	Basic actions and technology	Noun	1405241
1.87	MATCH	The physical world	Noun	499237
23.53	MATTRESS	Modern world	Noun	1188104
5.91	MEAD	Food and drink	Noun	403676
5.41	MEAL	Food and drink	Noun	6332
12.54	MEASURE	Spatial relations	Verb	626882
5.61	MEAT	Food and drink	Noun	2300
4.88	MEDICINE	The body	Noun	5919
19.65	MEET	Social and political relations	Verb	7643
7.18	MEETING HOUSE	The house	Noun	1510584
7.16	MEN'S HOUSE	The house	Noun	1526639
11.84	MERCHANT	Possession	Noun	470229
14.45	MIDDAY	Time	Noun	1026415
12.37	MIDDLE	Spatial relations	Noun	475332
5.87	MILK	Food and drink	Verb	1166811
5.86	MILK	Food and drink	Noun	2358
5.57	MILL	Food and drink	Noun	2359
8.911	MILLET	Agriculture and vegetation	Noun	397763
17.11	MIND	Cognition	Noun	6418
23.32	MINISTER	Modern world	Noun	155405
6.96	MIRROR	Clothing and grooming	Noun	520838
20.63	MISS	Warfare and hunting	Verb	1337987
16.77	MISTAKE	Emotions and values	Noun	5651
4.272	MOLAR TOOTH	The body	Noun	451991
9.72	MOLD	Basic actions and technology	Verb	1507122
14.63	MONDAY	Time	Noun	6992
11.43	MONEY	Possession	Noun	6408
3.76	MONKEY	Animals	Noun	5870
14.71	MONTH	Time	Noun	5914
1.53	MOON	The physical world	Noun	5729
13.16	MORE	Quantity	Function word	950694
14.44	MORNING	Time	Noun	5840
5.58	MORTAR	Food and drink	Noun	1454028
7.63	MORTAR	The house	Noun	703845
22.132	MOSQUE	Religion and belief	Noun	6563
3.832	MOSQUITO	Animals	Noun	630453
2.36	MOTHER	Kinship	Noun	5463
2.62	MOTHER-IN-LAW	Kinship	Noun	452350
2.621	MOTHER-IN-LAW	Kinship	Noun	452350
2.511	MOTHER'S BROTHER	Kinship	Noun	936024
2.521	MOTHER'S SISTER	Kinship	Noun	1372595
23.185	MOTOR	Modern world	Noun	1200
23.135	MOTORCYCLE	Modern world	Noun	2414
1.22	MOUNTAIN	The physical world	Noun	2421
3.63	MOUSE	Animals	Noun	6237
4.24	MOUTH	The body	Noun	332000
10.11	MOVE	Motion	Verb	343359
23.62	MOVIE	Modern world	Noun	1431
8.32	MOW	Agriculture and vegetation	Verb	1403529
1.214	MUD	The physical world	Noun	2428
3.47	MULE	Animals	Noun	377499
18.16	MUMBLE	Speech and language	Verb	1258410
21.42	MURDER	Law	Noun	359371
8.98	MUSHROOM	Agriculture and vegetation	Noun	2444
23.63	MUSIC	Modern world	Noun	2445
4.96	MUTE	The body	Adjective	6856
9.5	NAIL	Basic actions and technology	Noun	156863
4.99	NAKED	The body	Adjective	160368
18.28	NAME	Speech and language	Noun	5995
4.281	NAPE OF THE NECK	The body	Noun	5862
12.62	NARROW	Spatial relations	Adjective	5566
4.232	NASAL MUCUS,SNOT	The body	Noun	1417428
19.12	NATIVE COUNTRY	Social and political relations	Noun	1162698
4.43	NAVEL	The body	Noun	7690
12.43	NEAR	Spatial relations	Adverb	869106
17.45	NECESSITY	Cognition	Noun	1538973
4.28	NECK	The body	Noun	5823
6.75	NECKLACE	Clothing and grooming	Noun	900585
17.45	NEED	Cognition	Noun	2497
8.993	NEEDLE	Agriculture and vegetation	Noun	1506160
6.36	NEEDLE	Clothing and grooming	Noun	5951
19.54	NEIGHBOUR	Social and political relations	Noun	5820
2.53	NEPHEW	Kinship	Noun	454945
3.58	NEST	Animals	Noun	957309
9.78	NETBAG	Basic actions and technology	Noun	1507431
8.97	NETTLE	Agriculture and vegetation	Noun	1072992
14.34	NEVER	Time	Function word	6814
14.13	NEW	Time	Adjective	5484
23.6	NEWSPAPER	Modern world	Noun	5668
24.12	NEXT	Miscellaneous function words	Function word	5875
2.54	NIECE	Kinship	Noun	6735
14.42	NIGHT	Time	Noun	5486
13.09	NINE	Quantity	Function word	6193
4.412	NIPPLE	The body	Noun	348030
3.812	NIT	Animals	Noun	1505748
17.56	NO	Cognition	Function word	5568
19.36	NOBLE	Social and political relations	Noun	154801
15.44	NOISE	Sense perception	Noun	5290
12.47	NORTH	Spatial relations	Noun	6550
4.23	NOSE	The body	Noun	5471
4.231	NOSTRIL	The body	Noun	527874
24.06	NOT	Miscellaneous function words	Function word	5495
24.14	NOTHING	Miscellaneous function words	Function word	333997
14.18	NOW	Time	Function word	5936
23.39	NUMBER	Modern world	Noun	5877
23.21	NURSE	Modern world	Noun	479578
5.77	NUT	Food and drink	Noun	1403728
8.61	OAK	Agriculture and vegetation	Noun	2597
21.25	OATH	Law	Noun	701390
8.46	OATS	Agriculture and vegetation	Noun	1111216
19.46	OBEY	Social and political relations	Verb	6686
17.35	OBSCURE	Cognition	Adjective	7140
1.329	OCEAN	The physical world	Noun	2608
14.32	OFTEN	Time	Function word	7834
5.79	OIL	Food and drink	Noun	6195
6.94	OINTMENT	Clothing and grooming	Noun	848858
14.15	OLD	Time	Adjective	5482
2.461	OLD MAN	Kinship	Noun	1526622
2.471	OLD WOMAN	Kinship	Noun	385678
2.444	OLDER BROTHER	Kinship	Noun	7130
2.4561	OLDER SIBLING	Kinship	Noun	1526616
2.454	OLDER SISTER	Kinship	Noun	7129
5.78	OLIVE	Food and drink	Noun	512617
22.47	OMEN	Religion and belief	Noun	1192008
13.01	ONE	Quantity	Function word	6244
13.33	ONLY	Quantity	Function word	6485
12.24	OPEN	Spatial relations	Verb	513017
3.622	OPOSSUM	Animals	Noun	1510392
17.54	OR	Cognition	Function word	433943
19.45	ORDER	Social and political relations	Verb	493103
6.71	ORNAMENT	Clothing and grooming	Noun	391992
2.75	ORPHAN	Kinship	Noun	509527
24.11	OTHER	Miscellaneous function words	Function word	1406403
10.832	OUTRIGGER	Motion	Noun	1527208
12.06	OUTSIDE	Spatial relations	Function word	342558
5.25	OVEN	Food and drink	Noun	5053
11.63	OWE	Possession	Verb	1511021
3.596	OWL	Animals	Noun	339205
11.12	OWN	Possession	Verb	333811
3.22	OX	Animals	Noun	518788
10.851	PADDLE	Motion	Noun	1478129
8.121	PADDY	Agriculture and vegetation	Noun	1506100
7.232	PADLOCK	The house	Noun	1510588
16.31	PAIN	Emotions and values	Noun	7257
9.88	PAINT	Basic actions and technology	Noun	2709
9.89	PAINT	Basic actions and technology	Verb	959903
13.37	PAIR	Quantity	Noun	8187
4.331	PALM OF THE HAND	The body	Noun	529277
8.81	PALM TREE	Agriculture and vegetation	Noun	528656
5.28	PAN	Food and drink	Noun	1071911
18.56	PAPER	Speech and language	Noun	2713
2.37	PARENTS	Kinship	Noun	157257
2.622	PARENTS-IN-LAW	Kinship	Noun	1510380
3.592	PARROT	Animals	Noun	374495
13.23	PART	Quantity	Noun	345219
3.16	PASTURE	Animals	Noun	2725
10.72	PATH	Motion	Noun	4382
11.65	PAY	Possession	Verb	336535
20.14	PEACE	Warfare and hunting	Noun	5839
5.46	PEEL	Food and drink	Verb	1505825
9.91	PEG	Basic actions and technology	Noun	1510964
18.57	PEN	Speech and language	Noun	347193
21.37	PENALTY	Law	Noun	541549
4.492	PENIS	The body	Noun	5473
19.21	PEOPLE	Social and political relations	Noun	345923
5.82	PEPPER	Food and drink	Noun	5960
21.47	PERJURY	Law	Noun	7328
19.47	PERMIT	Social and political relations	Verb	431335
2.1	PERSON	Kinship	Noun	333730
4.55	PERSPIRE,SWEAT	The body	Verb	1250941
5.59	PESTLE	Food and drink	Noun	1454217
23.195	PETROLEUM	Modern world	Noun	2761
4.87	PHYSICIAN	The body	Noun	161474
12.212	PICK UP	Spatial relations	Verb	1511027
13.231	PIECE	Quantity	Noun	160850
3.35	PIG	Animals	Noun	5836
12.213	PILE UP	Spatial relations	Verb	646056
23.22	PILL	Modern world	Noun	1511151
7.421	PILLOW	The house	Noun	447708
6.63	PIN	Clothing and grooming	Noun	1116679
15.712	PINCH	Sense perception	Verb	1511058
8.64	PINE	Agriculture and vegetation	Noun	706003
8.691	PIPE	Agriculture and vegetation	Noun	489864
4.65	PISS	The body	Verb	160433
5.34	PITCHER	Food and drink	Noun	1238556
8.26	PITCHFORK	Agriculture and vegetation	Noun	1510832
16.35	PITY	Emotions and values	Noun	503503
12.11	PLACE	Spatial relations	Noun	337267
1.23	PLAIN	The physical world	Noun	2813
21.21	PLAINTIFF	Law	Noun	992256
6.921	PLAIT	Clothing and grooming	Noun	1510567
9.75	PLAIT/BRAID,WEAVE	Basic actions and technology	Verb	703135
8.531	PLANT	Agriculture and vegetation	Verb	619975
8.53	PLANT	Agriculture and vegetation	Noun	2836
23.57	PLASTIC	Modern world	Noun	2840
5.32	PLATE	Food and drink	Noun	154781
16.26	PLAY	Emotions and values	Verb	6010
19.63	PLOT	Social and political relations	Noun	996296
8.21	PLOUGH	Agriculture and vegetation	Verb	845139
6.61	POCKET	Clothing and grooming	Noun	7816
18.67	POET	Speech and language	Noun	448577
12.352	POINTED	Spatial relations	Adjective	1511031
4.89	POISON	The body	Noun	2847
7.56	POLE	The house	Noun	1506095
23.33	POLICE	Modern world	Noun	2852
6.411	PONCHO	Clothing and grooming	Noun	1510543
11.52	POOR	Possession	Adjective	6897
3.662	PORPOISE	Animals	Noun	1210547
10.91	PORT	Motion	Noun	1717
7.56	POST	The house	Noun	1506091
23.41	POSTAGE STAMP	Modern world	Noun	161415
23.43	POSTCARD	Modern world	Noun	624787
5.26	POT	Food and drink	Noun	6086
5.7	POTATO	Food and drink	Noun	160661
9.71	POTTER	Basic actions and technology	Noun	1510957
9.211	POUND	Basic actions and technology	Verb	1510937
9.35	POUR	Basic actions and technology	Verb	621011
16.79	PRAISE	Emotions and values	Noun	695465
3.833	PRAWNS	Animals	Noun	1486478
22.17	PRAY	Religion and belief	Verb	1056622
22.22	PREACH	Religion and belief	Verb	1509379
1.222	PRECIPICE	The physical world	Noun	1875
4.73	PREGNANT	The body	Adjective	489482
11.24	PRESERVE	Possession	Verb	956366
23.31	PRESIDENT	Modern world	Noun	381596
9.342	PRESS	Basic actions and technology	Verb	842520
19.59	PREVENT	Social and political relations	Verb	6391
11.87	PRICE	Possession	Noun	2959
22.18	PRIEST	Religion and belief	Noun	360238
21.39	PRISON	Law	Noun	5623
20.47	PRISONER	Warfare and hunting	Noun	461201
18.36	PROMISE	Speech and language	Verb	6898
19.72	PROSTITUTE	Social and political relations	Noun	658684
16.48	PROUD	Emotions and values	Adjective	1374507
4.145	PUBIC HAIR	The body	Noun	1073333
9.33	PULL	Basic actions and technology	Verb	6071
8.931	PUMPKIN	Agriculture and vegetation	Noun	366683
21.37	PUNISHMENT	Law	Noun	1511126
17.26	PUPIL	Cognition	Noun	341470
10.53	PURSUE	Motion	Verb	450119
4.857	PUS	The body	Noun	745553
10.67	PUSH	Motion	Verb	6068
12.12	PUT	Spatial relations	Verb	429615
6.11	PUT ON	Clothing and grooming	Verb	1335540
3.865	QUAIL	Animals	Noun	8235
19.62	QUARREL	Social and political relations	Noun	7805
19.33	QUEEN	Social and political relations	Noun	5708
15.46	QUIET	Sense perception	Adjective	5759
3.614	RABBIT	Animals	Noun	501465
3.866	RACCOON	Animals	Noun	354847
23.1	RADIO	Modern world	Noun	5767
10.84	RAFT	Motion	Noun	6853
7.54	RAFTER	The house	Noun	355194
6.81	RAG	Clothing and grooming	Noun	1510563
1.75	RAIN	The physical world	Noun	3100
1.59	RAINBOW	The physical world	Noun	7041
10.22	RAISE	Motion	Verb	5772
8.27	RAKE	Agriculture and vegetation	Noun	1510836
3.26	RAM	Animals	Noun	5855
21.44	RAPE	Law	Noun	413697
3.63	RAT	Animals	Noun	6233
18.74	RATTLE	Speech and language	Noun	1508303
5.122	RAW	Food and drink	Adjective	899678
6.93	RAZOR	Clothing and grooming	Noun	1318581
18.52	READ	Speech and language	Verb	337421
14.29	READY	Time	Adjective	346236
15.66	RED	Sense perception	Adjective	1333710
1.342	REEF	The physical world	Noun	3138
18.37	REFUSE	Speech and language	Verb	1103325
16.34	REGRET	Emotions and values	Verb	8110
3.871	REINDEER	Animals	Noun	812111
2.81	RELATIVES	Kinship	Noun	6740
22.11	RELIGION	Religion and belief	Noun	3175
12.16	REMAIN	Spatial relations	Verb	423795
12.17	REMAINS	Spatial relations	Noun	357288
17.31	REMEMBER	Cognition	Verb	335793
11.25	RESCUE	Possession	Verb	963523
4.912	REST	The body	Verb	1366972
20.45	RETREAT	Warfare and hunting	Verb	1536730
10.58	RETURN HOME	Motion	Verb	1300468
4.162	RIB	The body	Noun	348225
8.48	RICE	Agriculture and vegetation	Noun	395506
11.51	RICH	Possession	Adjective	336015
10.66	RIDE	Motion	Verb	1511006
7.53	RIDGEPOLE	The house	Noun	1506083
12.41	RIGHT	Spatial relations	Adjective	436024
6.73	RING	Clothing and grooming	Noun	5931
5.123	RIPE	Food and drink	Adjective	1378364
10.21	RISE	Motion	Verb	630856
1.36	RIVER	The physical world	Noun	3253
10.71	ROAD	Motion	Noun	3258
5.23	ROAST	Food and drink	Verb	903088
1.44	ROCK	The physical world	Noun	3266
10.15	ROLL	Motion	Verb	354681
7.51	ROOF	The house	Noun	344031
7.21	ROOM	The house	Noun	6065
3.52	ROOSTER	Animals	Noun	6308
8.54	ROOT	Agriculture and vegetation	Noun	3269
9.19	ROPE	Basic actions and technology	Noun	5465
5.125	ROTTEN	Food and drink	Adjective	7031
15.76	ROUGH	Sense perception	Adjective	846773
1.323	ROUGH	The physical world	Adjective	1505691
12.81	ROUND	Spatial relations	Adjective	5984
10.852	ROW	Motion	Verb	7808
9.31	RUB	Basic actions and technology	Verb	6062
10.86	RUDDER	Motion	Noun	1192505
9.771	RUG	Basic actions and technology	Noun	1507427
19.31	RULE	Social and political relations	Verb	7797
10.46	RUN	Motion	Verb	6323
8.45	RYE	Agriculture and vegetation	Noun	1054188
22.15	SACRIFICE	Religion and belief	Noun	479450
10.88	SAIL	Motion	Noun	345771
10.36	SAIL	Motion	Verb	345774
5.81	SALT	Food and drink	Noun	5599
15.36	SALTY	Sense perception	Adjective	475116
24.13	SAME	Miscellaneous function words	Function word	1407061
1.215	SAND	The physical world	Noun	3305
3.831	SANDFLY	Animals	Noun	1167672
8.76	SAP	Agriculture and vegetation	Noun	1510865
14.68	SATURDAY	Time	Noun	6994
5.36	SAUCER	Food and drink	Noun	1505792
5.63	SAUSAGE	Food and drink	Noun	8105
1.411	SAVANNA	The physical world	Noun	1505696
9.48	SAW	Basic actions and technology	Noun	876531
18.22	SAY	Speech and language	Verb	6075
3.653	SCALE	Animals	Noun	1505745
4.858	SCAR	The body	Noun	156420
17.28	SCHOOL	Cognition	Noun	3320
9.24	SCISSORS	Basic actions and technology	Noun	5807
18.39	SCOLD	Speech and language	Verb	1508300
3.815	SCORPION	Animals	Noun	636601
5.48	SCRAPE	Food and drink	Verb	7152
4.8541	SCRATCH	The body	Verb	6047
23.55	SCREW	Modern world	Noun	741510
23.555	SCREWDRIVER	Modern world	Noun	356932
9.82	SCULPTOR	Basic actions and technology	Noun	388881
8.33	SCYTHE	Agriculture and vegetation	Noun	1050369
1.32	SEA	The physical world	Noun	6154
3.582	SEAGULL	Animals	Noun	412090
14.78	SEASON	Time	Noun	3345
13.36	SECOND	Quantity	Function word	5958
17.36	SECRET	Cognition	Adjective	486825
15.51	SEE	Sense perception	Verb	6003
8.311	SEED	Agriculture and vegetation	Noun	3361
17.18	SEEM	Cognition	Verb	6326
11.82	SELL	Possession	Verb	6439
10.63	SEND	Motion	Verb	493075
12.23	SEPARATE	Spatial relations	Verb	5883
19.43	SERVANT	Social and political relations	Noun	1504891
13.07	SEVEN	Quantity	Function word	7004
6.35	SEW	Clothing and grooming	Verb	6073
1.63	SHADE	The physical world	Noun	5966
10.26	SHAKE	Motion	Verb	839866
12.68	SHALLOW	Spatial relations	Adjective	1404411
16.45	SHAME	Emotions and values	Noun	719675
11.91	SHARE	Possession	Verb	374731
3.661	SHARK	Animals	Noun	481253
15.78	SHARP	Sense perception	Adjective	5987
2.932	SHE	Kinship	Function word	7667
9.24	SHEARS	Basic actions and technology	Noun	1510945
3.25	SHEEP	Animals	Noun	5819
7.47	SHELF	The house	Noun	340859
3.655	SHELL	Animals	Noun	161542
20.34	SHIELD	Warfare and hunting	Noun	456348
15.56	SHINE	Sense perception	Verb	335797
10.81	SHIP	Motion	Noun	3403
6.44	SHIRT	Clothing and grooming	Noun	6654
4.66	SHIT	The body	Verb	332137
4.68	SHIVER	The body	Verb	1106980
6.51	SHOE	Clothing and grooming	Noun	5948
6.54	SHOEMAKER	Clothing and grooming	Noun	372056
20.62	SHOOT	Warfare and hunting	Verb	522875
11.86	SHOP	Possession	Noun	3409
1.27	SHORE	The physical world	Noun	1201459
12.59	SHORT	Spatial relations	Adjective	6746
4.3	SHOULDER	The body	Noun	6186
4.301	SHOULDERBLADE	The body	Noun	1372842
18.13	SHOUT	Speech and language	Verb	336249
8.24	SHOVEL	Agriculture and vegetation	Noun	8359
15.55	SHOW	Sense perception	Verb	446099
18.18	SHRIEK	Speech and language	Verb	1508293
12.25	SHUT	Spatial relations	Verb	448880
2.456	SIBLING	Kinship	Noun	6732
2.6412	SIBLING-IN-LAW	Kinship	Noun	765010
2.541	SIBLING'S CHILD	Kinship	Noun	1373556
4.84	SICK	The body	Adjective	7800
8.33	SICKLE	Agriculture and vegetation	Noun	1510850
12.36	SIDE	Spatial relations	Noun	333652
5.47	SIEVE	Food and drink	Verb	1160828
6.25	SILK	Clothing and grooming	Noun	673408
9.65	SILVER	Basic actions and technology	Noun	3424
12.92	SIMILAR	Spatial relations	Adjective	6406
18.12	SING	Speech and language	Verb	5540
23.51	SINK	Modern world	Noun	389091
10.33	SINK	Motion	Verb	474485
2.45	SISTER	Kinship	Noun	5544
12.13	SIT	Spatial relations	Verb	6022
13.06	SIX	Quantity	Function word	7003
9.29	SKIN	Basic actions and technology	Verb	1507419
4.12	SKIN	The body	Noun	3430
6.46	SKIRT	Clothing and grooming	Noun	6552
4.202	SKULL	The body	Noun	6568
1.51	SKY	The physical world	Noun	7039
19.42	SLAVE	Social and political relations	Noun	350300
10.79	SLED	Motion	Noun	1043216
10.79	SLEDGE	Motion	Noun	1511010
4.61	SLEEP	The body	Verb	6519
20.23	SLING	Warfare and hunting	Noun	1511106
10.42	SLIP	Motion	Verb	5791
14.22	SLOW	Time	Adverb	335287
12.56	SMALL	Spatial relations	Adjective	5509
15.21	SMELL	Sense perception	Verb	6521
15.22	SMELL	Sense perception	Verb	6520
16.251	SMILE	Emotions and values	Verb	6067
8.69	SMOKE	Agriculture and vegetation	Verb	6968
1.83	SMOKE	The physical world	Noun	3451
15.77	SMOOTH	Sense perception	Adjective	5487
3.94	SNAIL	Animals	Noun	638694
3.85	SNAKE	Animals	Noun	3388
4.54	SNEEZE	The body	Verb	665334
15.212	SNIFF	Sense perception	Verb	1511046
4.612	SNORE	The body	Verb	935932
1.76	SNOW	The physical world	Noun	3455
6.98	SNOWSHOE	Clothing and grooming	Noun	1478056
6.95	SOAP	Clothing and grooming	Noun	3458
6.49	SOCK	Clothing and grooming	Noun	6327
15.75	SOFT	Sense perception	Adjective	7907
1.212	SOIL	The physical world	Noun	5481
20.17	SOLDIER	Warfare and hunting	Noun	867170
13.181	SOME	Quantity	Function word	5499
14.33	SOMETIMES	Time	Function word	6387
2.41	SON	Kinship	Noun	6634
2.63	SON-IN-LAW	Kinship	Noun	454149
2.631	SON-IN-LAW	Kinship	Noun	454149
23.64	SONG	Modern world	Noun	476597
14.331	SOON	Time	Function word	335437
22.43	SORCERER	Religion and belief	Noun	353553
4.85	SORE	The body	Noun	1103925
8.911	SORGHUM	Agriculture and vegetation	Noun	1510873
16.11	SOUL	Emotions and values	Noun	349815
15.44	SOUND	Sense perception	Noun	7469
5.64	SOUP	Food and drink	Noun	6390
15.38	SOUR	Sense perception	Adjective	838324
12.48	SOUTH	Spatial relations	Noun	6542
8.31	SOW	Agriculture and vegetation	Verb	341201
3.34	SOW	Animals	Noun	5871
8.23	SPADE	Agriculture and vegetation	Noun	525509
18.21	SPEAK	Speech and language	Verb	6656
20.26	SPEAR	Warfare and hunting	Noun	408915
23.24	SPECTACLES	Modern world	Noun	8320
18.222	SPEECH	Speech and language	Noun	4834
3.818	SPIDER	Animals	Noun	3588
3.819	SPIDER WEB	Animals	Noun	456539
6.31	SPIN	Clothing and grooming	Verb	1240334
6.32	SPINDLE	Clothing and grooming	Noun	1505839
4.191	SPINE	The body	Noun	348411
16.11	SPIRIT	Emotions and values	Noun	1107036
4.56	SPIT	The body	Verb	6051
10.352	SPLASH	Motion	Verb	1510997
4.452	SPLEEN	The body	Noun	706908
9.27	SPLIT	Basic actions and technology	Verb	6048
5.37	SPOON	Food and drink	Noun	5944
9.34	SPREAD OUT	Basic actions and technology	Verb	1083572
1.37	SPRING	The physical world	Noun	3596
14.75	SPRING	Time	Noun	6360
12.78	SQUARE	Spatial relations	Noun	3599
9.343	SQUEEZE	Basic actions and technology	Verb	6017
3.869	SQUIRREL	Animals	Noun	666598
9.223	STAB	Basic actions and technology	Verb	6045
3.19	STABLE	Animals	Noun	3602
3.42	STALLION	Animals	Noun	399816
12.15	STAND	Spatial relations	Verb	6053
1.54	STAR	The physical world	Noun	6041
9.83	STATUE	Basic actions and technology	Noun	430779
21.51	STEAL	Law	Verb	336072
1.831	STEAM	The physical world	Noun	539987
2.74	STEPDAUGHTER	Kinship	Noun	454184
2.71	STEPFATHER	Kinship	Noun	1480565
2.72	STEPMOTHER	Kinship	Noun	1480454
2.73	STEPSON	Kinship	Noun	454195
3.664	STINGRAY	Animals	Noun	8401
11.54	STINGY	Possession	Adjective	719375
15.26	STINKING	Sense perception	Adjective	1089734
5.49	STIR	Food and drink	Verb	334889
6.49	STOCKING	Clothing and grooming	Noun	1510550
4.46	STOMACH	The body	Noun	352530
1.44	STONE	The physical world	Noun	3633
11.86	STORE	Possession	Noun	341452
1.58	STORM	The physical world	Noun	3635
7.32	STOVE	The house	Noun	3637
12.73	STRAIGHT	Spatial relations	Adjective	5994
19.55	STRANGER	Social and political relations	Noun	346995
1.36	STREAM	The physical world	Noun	411075
23.395	STREET	Modern world	Noun	5895
9.32	STRETCH	Basic actions and technology	Verb	1425791
9.21	STRIKE	Basic actions and technology	Verb	1510934
4.81	STRONG	The body	Adjective	345510
17.242	STUDY	Cognition	Verb	8498
17.22	STUPID	Cognition	Adjective	6322
18.211	STUTTER	Speech and language	Verb	8041
5.16	SUCK	Food and drink	Verb	6027
5.85	SUGAR	Food and drink	Noun	3664
8.941	SUGAR CANE	Agriculture and vegetation	Noun	1310853
14.76	SUMMER	Time	Noun	5848
1.52	SUN	The physical world	Noun	5850
14.62	SUNDAY	Time	Noun	6993
5.45	SUPPER	Food and drink	Noun	7654
16.15	SURPRISED	Emotions and values	Adjective	6444
20.46	SURRENDER	Warfare and hunting	Verb	699169
17.44	SUSPECT	Cognition	Verb	7724
5.181	SWALLOW	Food and drink	Verb	380335
1.38	SWAMP	The physical world	Noun	5069
21.24	SWEAR	Law	Verb	866158
9.37	SWEEP	Basic actions and technology	Verb	1466959
15.35	SWEET	Sense perception	Adjective	336426
8.91	SWEET POTATO	Agriculture and vegetation	Noun	1336889
4.853	SWELLING	The body	Noun	838114
10.35	SWIM	Motion	Verb	6050
20.27	SWORD	Warfare and hunting	Noun	6350
7.44	TABLE	The house	Noun	7196
23.22	TABLET	Modern world	Noun	1511154
4.18	TAIL	The body	Noun	5468
6.13	TAILOR	Clothing and grooming	Noun	374399
11.13	TAKE	Possession	Verb	7077
12.58	TALL	Spatial relations	Adjective	335942
7.67	TAN	The house	Verb	1501856
3.99	TAPIR	Animals	Noun	1510404
15.31	TASTE	Sense perception	Verb	1051228
6.79	TATTOO	Clothing and grooming	Noun	1130256
11.69	TAX	Possession	Noun	3714
23.9	TEA	Modern world	Noun	5927
17.25	TEACH	Cognition	Verb	335855
17.27	TEACHER	Cognition	Noun	445262
9.28	TEAR	Basic actions and technology	Verb	704859
16.38	TEAR	Emotions and values	Noun	6805
23.12	TELEPHONE	Modern world	Noun	5945
23.11	TELEVISION	Modern world	Noun	7295
18.221	TELL	Speech and language	Verb	701342
22.13	TEMPLE	Religion and belief	Noun	388190
4.201	TEMPLES	The body	Noun	6567
13.1	TEN	Quantity	Function word	6312
4.465	TENDON	The body	Noun	502614
7.14	TENT	The house	Noun	5770
3.834	TERMITES	Animals	Noun	3747
4.49	TESTICLES	The body	Noun	348064
24.08	THAT	Miscellaneous function words	Function word	1149393
7.52	THATCH	The house	Noun	1506073
24.1	THERE	Miscellaneous function words	Function word	858309
2.96	THEY	Kinship	Function word	352331
12.63	THICK	Spatial relations	Adjective	5503
21.52	THIEF	Law	Noun	515549
4.351	THIGH	The body	Noun	348189
12.65	THIN	Spatial relations	Adjective	5990
11.18	THING	Possession	Noun	339816
17.13	THINK	Cognition	Verb	6021
17.14	THINK	Cognition	Verb	6309
13.42	THIRD	Quantity	Function word	7979
24.07	THIS	Miscellaneous function words	Function word	5458
2.92	THOU	Kinship	Function word	5459
13.106	THOUSAND	Quantity	Function word	7755
6.38	THREAD	Clothing and grooming	Noun	515580
18.44	THREATEN	Speech and language	Verb	539320
13.03	THREE	Quantity	Function word	156096
13.44	THREE TIMES	Quantity	Function word	1527212
8.34	THRESH	Agriculture and vegetation	Verb	1506115
8.35	THRESHING-FLOOR	Agriculture and vegetation	Noun	1451560
4.29	THROAT	The body	Noun	5861
24.05	THROUGH	Miscellaneous function words	Function word	1172828
10.25	THROW	Motion	Verb	6072
4.342	THUMB	The body	Noun	7250
1.56	THUNDER	The physical world	Noun	509787
14.66	THURSDAY	Time	Noun	6989
3.835	TICK	Animals	Noun	633535
1.352	TIDE	The physical world	Noun	3777
9.16	TIE	Basic actions and technology	Verb	844574
14.11	TIME	Time	Noun	3779
9.69	TIN	Basic actions and technology	Noun	3780
23.54	TIN	Modern world	Noun	6493
9.69	TINPLATE	Basic actions and technology	Noun	1510953
4.91	TIRED	The body	Adjective	7117
5.49	TO MIX	Food and drink	Verb	982997
5.47	TO STRAIN	Food and drink	Verb	402886
8.68	TOBACCO	Agriculture and vegetation	Noun	420209
14.47	TODAY	Time	Function word	5630
4.38	TOE	The body	Noun	5969
23.52	TOILET	Modern world	Noun	1444087
14.48	TOMORROW	Time	Function word	5808
5.391	TONGS	Food and drink	Noun	1505799
4.26	TONGUE	The body	Noun	5440
9.422	TOOL	Basic actions and technology	Noun	5894
4.27	TOOTH	The body	Noun	5946
12.33	TOP	Spatial relations	Noun	709258
7.45	TORCH	The house	Noun	844734
3.598	TOUCAN	Animals	Noun	1510388
15.71	TOUCH	Sense perception	Verb	8232
6.82	TOWEL	Clothing and grooming	Noun	436437
20.36	TOWER	Warfare and hunting	Noun	6890
19.15	TOWN	Social and political relations	Noun	5974
11.83	TRADE	Possession	Verb	3812
23.155	TRAIN	Modern world	Noun	3834
20.65	TRAP	Warfare and hunting	Verb	519501
20.64	TRAP	Warfare and hunting	Noun	464297
8.6	TREE	Agriculture and vegetation	Noun	3854
8.72	TREE STUMP	Agriculture and vegetation	Noun	1490199
8.73	TREE TRUNK	Agriculture and vegetation	Noun	1510861
7.48	TROUGH	The house	Noun	1412223
6.48	TROUSERS	Clothing and grooming	Noun	349559
18.73	TRUMPET	Speech and language	Noun	344567
17.48	TRY	Cognition	Verb	7471
14.64	TUESDAY	Time	Noun	6991
9.92	TUMPLINE	Basic actions and technology	Noun	1507435
10.12	TURN	Motion	Verb	6526
10.13	TURN AROUND	Motion	Verb	6055
3.98	TURTLE	Animals	Noun	1200609
13.102	TWELVE	Quantity	Function word	7007
13.104	TWENTY	Quantity	Function word	7013
13.38	TWICE	Quantity	Function word	6389
2.458	TWINS	Kinship	Noun	431713
10.17	TWIST	Motion	Verb	1541116
13.02	TWO	Quantity	Function word	6248
4.42	UDDER	The body	Noun	1329165
16.82	UGLY	Emotions and values	Adjective	639024
2.51	UNCLE	Kinship	Noun	5806
17.16	UNDERSTAND	Cognition	Verb	6356
5.124	UNRIPE	Food and drink	Adjective	899673
9.161	UNTIE	Basic actions and technology	Verb	1510931
12.08	UP	Spatial relations	Function word	6531
4.493	VAGINA	The body	Noun	7685
1.24	VALLEY	The physical world	Noun	3938
5.65	VEGETABLES	Food and drink	Noun	3953
6.59	VEIL	Clothing and grooming	Noun	510127
4.151	VEIN	The body	Noun	8471
20.41	VICTORY	Warfare and hunting	Noun	345436
19.16	VILLAGE	Social and political relations	Noun	3968
8.67	VINE	Agriculture and vegetation	Noun	1510857
18.11	VOICE	Speech and language	Noun	5899
4.57	VOMIT	The body	Verb	5617
3.586	VULTURE	Animals	Noun	531741
4.494	VULVA	The body	Noun	7687
11.78	WAGES	Possession	Noun	487077
10.75	WAGON	Motion	Noun	415600
4.462	WAIST	The body	Noun	692019
4.63	WAKE UP	The body	Verb	6557
10.45	WALK	Motion	Verb	6054
19.25	WALKING STICK	Social and political relations	Noun	5663
7.27	WALL	The house	Noun	3989
16.62	WANT	Emotions and values	Verb	7258
20.13	WAR	Warfare and hunting	Noun	3990
15.851	WARM	Sense perception	Adjective	5485
9.36	WASH	Basic actions and technology	Verb	6069
3.823	WASP	Animals	Noun	631360
1.31	WATER	The physical world	Noun	4118
1.39	WATERFALL	The physical world	Noun	4079
1.35	WAVE	The physical world	Noun	421112
2.94	WE	Kinship	Function word	5455
2.942	WE EXCLUSIVE	Kinship	Function word	496889
2.941	WE INCLUSIVE	Kinship	Function word	496905
4.82	WEAK	The body	Adjective	6555
20.21	WEAPONS	Warfare and hunting	Noun	4128
1.78	WEATHER	The physical world	Noun	4129
6.33	WEAVE	Clothing and grooming	Verb	1280854
2.34	WEDDING	Kinship	Noun	5532
14.65	WEDNESDAY	Time	Noun	6990
14.61	WEEK	Time	Noun	6145
11.92	WEIGH	Possession	Verb	478489
1.37	WELL	The physical world	Noun	4138
12.46	WEST	Spatial relations	Noun	7537
15.83	WET	Sense perception	Adjective	7027
3.663	WHALE	Animals	Noun	4147
17.64	WHAT	Cognition	Function word	5491
8.43	WHEAT	Agriculture and vegetation	Noun	466721
10.76	WHEEL	Motion	Noun	335923
17.65	WHEN	Cognition	Function word	5493
17.66	WHERE	Cognition	Function word	5492
9.93	WHETSTONE	Basic actions and technology	Noun	1507439
17.67	WHICH	Cognition	Function word	338269
1.362	WHIRLPOOL	The physical world	Noun	934369
18.15	WHISPER	Speech and language	Verb	1107650
18.17	WHISTLE	Speech and language	Verb	440386
15.64	WHITE	Sense perception	Adjective	5825
17.68	WHO	Cognition	Function word	5490
17.69	WHY	Cognition	Function word	5572
12.61	WIDE	Spatial relations	Adjective	5502
2.76	WIDOW	Kinship	Noun	711582
2.77	WIDOWER	Kinship	Noun	933133
2.32	WIFE	Kinship	Noun	5429
1.72	WIND	The physical world	Noun	4160
7.25	WINDOW	The house	Noun	5932
5.92	WINE	Food and drink	Noun	6329
4.392	WING	The body	Noun	5528
14.74	WINTER	Time	Noun	6147
9.311	WIPE	Basic actions and technology	Verb	6070
17.21	WISE	Cognition	Adjective	334990
22.43	WITCH	Religion and belief	Noun	353642
24.04	WITH	Miscellaneous function words	Function word	5844
24.03	WITHOUT	Miscellaneous function words	Function word	6166
21.23	WITNESS	Law	Noun	506244
3.71	WOLF	Animals	Noun	158033
2.22	WOMAN	Kinship	Noun	4165
4.47	WOMB	The body	Noun	348317
1.43	WOOD	The physical world	Noun	741520
1.41	WOODS	The physical world	Noun	4168
6.22	WOOL	Clothing and grooming	Noun	4174
18.26	WORD	Speech and language	Noun	6551
9.12	WORK	Basic actions and technology	Noun	4228
23.58	WORKSHOP	Modern world	Noun	691207
1.1	WORLD	The physical world	Noun	4181
3.84	WORM	Animals	Noun	5466
22.16	WORSHIP	Religion and belief	Verb	1505545
4.85	WOUND	The body	Noun	480931
10.14	WRAP	Motion	Verb	483089
15.89	WRINKLED	Sense perception	Adjective	1511065
4.321	WRIST	The body	Noun	348173
18.51	WRITE	Speech and language	Verb	6891
16.74	WRONG	Emotions and values	Adjective	5971
8.912	YAM	Agriculture and vegetation	Noun	1526651
7.15	YARD	The house	Noun	339642
4.52	YAWN	The body	Verb	441371
14.73	YEAR	Time	Noun	5478
15.69	YELLOW	Sense perception	Adjective	6031
17.55	YES	Cognition	Function word	5567
14.49	YESTERDAY	Time	Function word	525186
10.78	YOKE	Motion	Noun	1031313
5.971	YOLK	Food and drink	Noun	6404
2.95	YOU ALL	Kinship	Function word	5456
14.14	YOUNG	Time	Adjective	5445
2.251	YOUNG MAN	Kinship	Noun	1148249
2.261	YOUNG WOMAN	Kinship	Noun	1148254
2.445	YOUNGER BROTHER	Kinship	Noun	7131
2.4562	YOUNGER SIBLING	Kinship	Noun	1539816
2.455	YOUNGER SISTER	Kinship	Noun	7132
13	ZERO	Quantity	Function word	5653
16.66	TRUE	Emotions and values	Adjective	6816
